{
    "project": {
        "name": "Filters for EaselJS API documentation",
        "description": "Filters for EaselJS adds AS3 like Filters to EaselJS.",
        "version": "0.2.0",
        "url": "https://github.com/u-kudox/Filters_for_EaselJS"
    },
    "files": {
        "src/DropShadowFilter.js": {
            "name": "src/DropShadowFilter.js",
            "modules": {},
            "classes": {
                "createjs.DropShadowFilter": 1
            },
            "fors": {},
            "namespaces": {
                "createjs": 1
            }
        },
        "src/GlowFilter.js": {
            "name": "src/GlowFilter.js",
            "modules": {},
            "classes": {
                "createjs.GlowFilter": 1
            },
            "fors": {},
            "namespaces": {
                "createjs": 1
            }
        }
    },
    "modules": {},
    "classes": {
        "createjs.DropShadowFilter": {
            "name": "createjs.DropShadowFilter",
            "shortname": "DropShadowFilter",
            "classitems": [],
            "plugins": [],
            "extensions": [],
            "plugin_for": [],
            "extension_for": [],
            "namespace": "createjs",
            "file": "src/DropShadowFilter.js",
            "line": 16,
            "description": "Applies a DropShadowFilter to DisplayObjects of EaselJS. This filter has inherited the Filter class of EaselJS and has used BlurFilter of EaselJS at the blurring process.",
            "extends": "Filter",
            "is_constructor": 1,
            "params": [
                {
                    "name": "distance",
                    "description": "The offset distance for the shadow. The default value is 4.",
                    "type": "Number",
                    "optional": true,
                    "optdefault": "4"
                },
                {
                    "name": "angle",
                    "description": "The angle of the shadow. Valid values are 0 to 360 degrees. The default value is 45.",
                    "type": "Number",
                    "optional": true,
                    "optdefault": "45"
                },
                {
                    "name": "color",
                    "description": "The color of the shadow. The default value is 0x000000. Valid values are in the hexadecimal format 0xRRGGBB.",
                    "type": "Uint",
                    "optional": true,
                    "optdefault": "0x000000"
                },
                {
                    "name": "alpha",
                    "description": "The alpha transparency value for the shadow color. Valid values are 0 to 1. The default value is 1.",
                    "type": "Number",
                    "optional": true,
                    "optdefault": "1"
                },
                {
                    "name": "blurX",
                    "description": "The amount of horizontal blur. The default value is 0. This value is passed to BlurFilter of EaselJS.",
                    "type": "Number",
                    "optional": true,
                    "optdefault": "0"
                },
                {
                    "name": "blurY",
                    "description": "The amount of vertical blur. The default value is 0. This value is passed to BlurFilter of EaselJS.",
                    "type": "Number",
                    "optional": true,
                    "optdefault": "0"
                },
                {
                    "name": "strength",
                    "description": "The strength of the shadow. The default value is 1. Valid values are 0 to 255. But as for this value, a low value is more preferable.",
                    "type": "Uint",
                    "optional": true,
                    "optdefault": "1"
                },
                {
                    "name": "quality",
                    "description": "The number of blur iterations. The default value is 1. This value is passed to BlurFilter of EaselJS.",
                    "type": "Number",
                    "optional": true,
                    "optdefault": "1"
                },
                {
                    "name": "inner",
                    "description": "Specifies whether or not the shadow is an inner shadow. The default value is false, expressing outer shadow.",
                    "type": "Boolean",
                    "optional": true,
                    "optdefault": "false"
                },
                {
                    "name": "knockout",
                    "description": "Specifies whether or not the object has a knockout effect. The default value is false, expressing no knockout effect.",
                    "type": "Boolean",
                    "optional": true,
                    "optdefault": "false"
                },
                {
                    "name": "hideObject",
                    "description": "Specifies whether or not the object is hidden. If the value is true, the object is hidden and only the shadow is visible. The default value is false, expressing the object is visible.",
                    "type": "Boolean",
                    "optional": true,
                    "optdefault": "false"
                }
            ],
            "example": [
                "\n<pre><code>_text = new createjs.Text(\"DropShadowFilter\", \"bold 64px Arial\", \"#CC0000\");\n_text.set({x:centerX, y:centerY, textAlign:\"center\", textBaseline:\"middle\"});\nvar distance = 3;\nvar angle = 90;\nvar color = 0x000000;\nvar alpha = 0.5;\nvar blurX = 4;\nvar blurY = 4;\nvar strength = 1;\nvar quality = 2;\nvar inner = false;\nvar knockout = false;\nvar hideObject = false;\n_dropShadowFilter = new createjs.DropShadowFilter(distance, angle, color, alpha, blurX, blurY, strength, quality, inner, knockout, hideObject);\n_text.filters = [_dropShadowFilter];\nvar bounds = _text.getBounds();\n_text.cache(bounds.x, bounds.y, bounds.width, bounds.height);\n_stage.addChild(_text);</code></pre>"
            ]
        },
        "createjs.GlowFilter": {
            "name": "createjs.GlowFilter",
            "shortname": "GlowFilter",
            "classitems": [],
            "plugins": [],
            "extensions": [],
            "plugin_for": [],
            "extension_for": [],
            "namespace": "createjs",
            "file": "src/GlowFilter.js",
            "line": 16,
            "description": "Applies a GlowFilter to DisplayObjects of EaselJS. This filter has inherited the Filter class of EaselJS and has used BlurFilter of EaselJS at the blurring process.",
            "extends": "Filter",
            "is_constructor": 1,
            "params": [
                {
                    "name": "color",
                    "description": "The color of the glow. The default value is 0xFF0000. Valid values are in the hexadecimal format 0xRRGGBB.",
                    "type": "Uint",
                    "optional": true,
                    "optdefault": "0xFF0000"
                },
                {
                    "name": "alpha",
                    "description": "The alpha transparency value for the glow color. Valid values are 0 to 1.",
                    "type": "Number",
                    "optional": true,
                    "optdefault": "1"
                },
                {
                    "name": "blurX",
                    "description": "The amount of horizontal blur. The default value is 0. This value is passed to BlurFilter of EaselJS.",
                    "type": "Number",
                    "optional": true,
                    "optdefault": "0"
                },
                {
                    "name": "blurY",
                    "description": "The amount of vertical blur. The default value is 0. This value is passed to BlurFilter of EaselJS.",
                    "type": "Number",
                    "optional": true,
                    "optdefault": "0"
                },
                {
                    "name": "strength",
                    "description": "The strength of the glow. The default value is 1. Valid values are 0 to 255. But as for this value, a low value is more preferable.",
                    "type": "Uint",
                    "optional": true,
                    "optdefault": "1"
                },
                {
                    "name": "quality",
                    "description": "The number of blur iterations. The default value is 1. This value is passed to BlurFilter of EaselJS.",
                    "type": "Number",
                    "optional": true,
                    "optdefault": "1"
                },
                {
                    "name": "inner",
                    "description": "Specifies whether the glow is an inner glow. The default value is false, expressing outer glow.",
                    "type": "Boolean",
                    "optional": true,
                    "optdefault": "false"
                },
                {
                    "name": "knockout",
                    "description": "Specifies whether the object has a knockout effect. The default value is false, expressing no knockout effect.",
                    "type": "Boolean",
                    "optional": true,
                    "optdefault": "false"
                }
            ],
            "example": [
                "\n<pre><code>_shape = new createjs.Shape().set({x:centerX, y:centerY});\n_shape.graphics.f(\"rgba(0,0,255,1)\").dp(0, 0, 100, 5, 0.6, -90).ef();\nvar color = 0x00FFFF;\nvar alpha = 1;\nvar blurX = 32;\nvar blurY = 32;\nvar strength = 1;\nvar quality = 1;\nvar inner = false;\nvar knockout = false;\n_glowFilter = new createjs.GlowFilter(color, alpha, blurX, blurY, strength, quality, inner, knockout);\n_shape.filters = [_glowFilter];\n_shape.cache(-100, -100, 200, 200);\n_stage.addChild(_shape);</code></pre>"
            ]
        }
    },
    "classitems": [
        {
            "file": "src/DropShadowFilter.js",
            "line": 8,
            "class": "createjs.DropShadowFilter",
            "namespace": "createjs"
        },
        {
            "file": "src/DropShadowFilter.js",
            "line": 68,
            "description": "The alpha transparency value for the shadow color. Valid values are 0 to 1. The default value is 1.",
            "itemtype": "property",
            "name": "alpha",
            "type": "Number",
            "default": "1",
            "class": "createjs.DropShadowFilter",
            "namespace": "createjs"
        },
        {
            "file": "src/DropShadowFilter.js",
            "line": 76,
            "description": "The strength of the shadow. The default value is 1. Valid values are 0 to 255. But as for this value, a low value is more preferable.",
            "itemtype": "property",
            "name": "strength",
            "type": "uint",
            "default": "1",
            "class": "createjs.DropShadowFilter",
            "namespace": "createjs"
        },
        {
            "file": "src/DropShadowFilter.js",
            "line": 84,
            "description": "Specifies whether or not the shadow is an inner shadow. The default value is false, expressing outer shadow.",
            "itemtype": "property",
            "name": "inner",
            "type": "Boolean",
            "default": "false",
            "class": "createjs.DropShadowFilter",
            "namespace": "createjs"
        },
        {
            "file": "src/DropShadowFilter.js",
            "line": 92,
            "description": "Specifies whether or not the object has a knockout effect. The default value is false, expressing no knockout effect.",
            "itemtype": "property",
            "name": "knockout",
            "type": "Boolean",
            "default": "false",
            "class": "createjs.DropShadowFilter",
            "namespace": "createjs"
        },
        {
            "file": "src/DropShadowFilter.js",
            "line": 100,
            "description": "Specifies whether or not the object is hidden. If the value is true, the object is hidden and only the shadow is visible. The default value is false, expressing the object is visible.",
            "itemtype": "property",
            "name": "hideObject",
            "type": "Boolean",
            "default": "false",
            "class": "createjs.DropShadowFilter",
            "namespace": "createjs"
        },
        {
            "file": "src/DropShadowFilter.js",
            "line": 109,
            "description": "The angle of the shadow. Valid values are 0 to 360 degrees. The default value is 45.",
            "itemtype": "property",
            "name": "angle",
            "type": "Number",
            "default": "45",
            "class": "createjs.DropShadowFilter",
            "namespace": "createjs"
        },
        {
            "file": "src/DropShadowFilter.js",
            "line": 127,
            "description": "The offset distance for the shadow. The default value is 4.",
            "itemtype": "property",
            "name": "distance",
            "type": "Number",
            "default": "4",
            "class": "createjs.DropShadowFilter",
            "namespace": "createjs"
        },
        {
            "file": "src/DropShadowFilter.js",
            "line": 144,
            "description": "The color of the shadow. The default value is 0x000000. Valid values are in the hexadecimal format 0xRRGGBB.",
            "itemtype": "property",
            "name": "color",
            "type": "uint",
            "default": "0x000000",
            "class": "createjs.DropShadowFilter",
            "namespace": "createjs"
        },
        {
            "file": "src/DropShadowFilter.js",
            "line": 163,
            "description": "The amount of horizontal blur. The default value is 0. This value is passed to BlurFilter of EaselJS.",
            "itemtype": "property",
            "name": "blurX",
            "type": "Number",
            "default": "0",
            "class": "createjs.DropShadowFilter",
            "namespace": "createjs"
        },
        {
            "file": "src/DropShadowFilter.js",
            "line": 179,
            "description": "The amount of vertical blur. The default value is 0. This value is passed to BlurFilter of EaselJS.",
            "itemtype": "property",
            "name": "blurY",
            "type": "Number",
            "default": "0",
            "class": "createjs.DropShadowFilter",
            "namespace": "createjs"
        },
        {
            "file": "src/DropShadowFilter.js",
            "line": 195,
            "description": "The number of blur iterations. The default value is 1. This value is passed to BlurFilter of EaselJS.",
            "itemtype": "property",
            "name": "quality",
            "type": "Number",
            "default": "1",
            "class": "createjs.DropShadowFilter",
            "namespace": "createjs"
        },
        {
            "file": "src/DropShadowFilter.js",
            "line": 228,
            "description": "Returns a rectangle with values indicating the margins required to draw the filter or null.\nFor example, a filter that will extend the drawing area 4 pixels to the left, and 7 pixels to the right\n(but no pixels up or down) would return a rectangle with (x=-4, y=0, width=11, height=0).",
            "itemtype": "method",
            "name": "getBounds",
            "return": {
                "description": "a rectangle object indicating the margins required to draw the filter or null if the filter does not effect bounds.",
                "type": "Rectangle"
            },
            "class": "createjs.DropShadowFilter",
            "namespace": "createjs"
        },
        {
            "file": "src/DropShadowFilter.js",
            "line": 262,
            "description": "Applies the DropShadowFilter to the specified context.",
            "itemtype": "method",
            "name": "applyFilter",
            "params": [
                {
                    "name": "ctx",
                    "description": "The 2D context to use as the source.",
                    "type": "CanvasRenderingContext2D"
                },
                {
                    "name": "x",
                    "description": "The x position to use for the source rect.",
                    "type": "Number"
                },
                {
                    "name": "y",
                    "description": "The y position to use for the source rect.",
                    "type": "Number"
                },
                {
                    "name": "width",
                    "description": "The width to use for the source rect.",
                    "type": "Number"
                },
                {
                    "name": "height",
                    "description": "The height to use for the source rect.",
                    "type": "Number"
                },
                {
                    "name": "targetCtx",
                    "description": "The 2D context to draw the result to. Defaults to the context passed to ctx.",
                    "type": "CanvasRenderingContext2D",
                    "optional": true
                },
                {
                    "name": "targetX",
                    "description": "The x position to draw the result to. Defaults to the value passed to x.",
                    "type": "Number",
                    "optional": true
                },
                {
                    "name": "targetY",
                    "description": "The y position to draw the result to. Defaults to the value passed to y.",
                    "type": "Number",
                    "optional": true
                }
            ],
            "return": {
                "description": "If the filter was applied successfully.",
                "type": "Boolean"
            },
            "class": "createjs.DropShadowFilter",
            "namespace": "createjs"
        },
        {
            "file": "src/DropShadowFilter.js",
            "line": 347,
            "description": "Returns a clone of this DropShadowFilter instance.",
            "itemtype": "method",
            "name": "clone",
            "return": {
                "description": "A clone of this DropShadowFilter instance.",
                "type": "DropShadowFilter"
            },
            "class": "createjs.DropShadowFilter",
            "namespace": "createjs"
        },
        {
            "file": "src/DropShadowFilter.js",
            "line": 357,
            "description": "Returns a string representation of this filter.",
            "itemtype": "method",
            "name": "toString",
            "return": {
                "description": "A string representation of this filter.",
                "type": "String"
            },
            "class": "createjs.DropShadowFilter",
            "namespace": "createjs"
        },
        {
            "file": "src/GlowFilter.js",
            "line": 8,
            "class": "createjs.GlowFilter",
            "namespace": "createjs"
        },
        {
            "file": "src/GlowFilter.js",
            "line": 57,
            "description": "The alpha transparency value for the glow color. Valid values are 0 to 1.",
            "itemtype": "property",
            "name": "alpha",
            "type": "Number",
            "default": "1",
            "class": "createjs.GlowFilter",
            "namespace": "createjs"
        },
        {
            "file": "src/GlowFilter.js",
            "line": 65,
            "description": "The strength of the glow. The default value is 1. Valid values are 0 to 255. But as for this value, a low value is more preferable.",
            "itemtype": "property",
            "name": "strength",
            "type": "uint",
            "default": "1",
            "class": "createjs.GlowFilter",
            "namespace": "createjs"
        },
        {
            "file": "src/GlowFilter.js",
            "line": 73,
            "description": "Specifies whether the glow is an inner glow. The default value is false, expressing outer glow.",
            "itemtype": "property",
            "name": "inner",
            "type": "Boolean",
            "default": "false",
            "class": "createjs.GlowFilter",
            "namespace": "createjs"
        },
        {
            "file": "src/GlowFilter.js",
            "line": 81,
            "description": "Specifies whether the object has a knockout effect. The default value is false, expressing no knockout effect.",
            "itemtype": "property",
            "name": "knockout",
            "type": "Boolean",
            "default": "false",
            "class": "createjs.GlowFilter",
            "namespace": "createjs"
        },
        {
            "file": "src/GlowFilter.js",
            "line": 90,
            "description": "The color of the glow. The default value is 0xFF0000. Valid values are in the hexadecimal format 0xRRGGBB.",
            "itemtype": "property",
            "name": "color",
            "type": "uint",
            "default": "0xFF0000",
            "class": "createjs.GlowFilter",
            "namespace": "createjs"
        },
        {
            "file": "src/GlowFilter.js",
            "line": 109,
            "description": "The amount of horizontal blur. The default value is 0. This value is passed to BlurFilter of EaselJS.",
            "itemtype": "property",
            "name": "blurX",
            "type": "Number",
            "default": "0",
            "class": "createjs.GlowFilter",
            "namespace": "createjs"
        },
        {
            "file": "src/GlowFilter.js",
            "line": 125,
            "description": "The amount of vertical blur. The default value is 0. This value is passed to BlurFilter of EaselJS.",
            "itemtype": "property",
            "name": "blurY",
            "type": "Number",
            "default": "0",
            "class": "createjs.GlowFilter",
            "namespace": "createjs"
        },
        {
            "file": "src/GlowFilter.js",
            "line": 141,
            "description": "The number of blur iterations. The default value is 1. This value is passed to BlurFilter of EaselJS.",
            "itemtype": "property",
            "name": "quality",
            "type": "Number",
            "default": "1",
            "class": "createjs.GlowFilter",
            "namespace": "createjs"
        },
        {
            "file": "src/GlowFilter.js",
            "line": 166,
            "description": "Returns a rectangle with values indicating the margins required to draw the filter or null.\nFor example, a filter that will extend the drawing area 4 pixels to the left, and 7 pixels to the right\n(but no pixels up or down) would return a rectangle with (x=-4, y=0, width=11, height=0).",
            "itemtype": "method",
            "name": "getBounds",
            "return": {
                "description": "a rectangle object indicating the margins required to draw the filter or null if the filter does not effect bounds.",
                "type": "Rectangle"
            },
            "class": "createjs.GlowFilter",
            "namespace": "createjs"
        },
        {
            "file": "src/GlowFilter.js",
            "line": 181,
            "description": "Applies the GlowFilter to the specified context.",
            "itemtype": "method",
            "name": "applyFilter",
            "params": [
                {
                    "name": "ctx",
                    "description": "The 2D context to use as the source.",
                    "type": "CanvasRenderingContext2D"
                },
                {
                    "name": "x",
                    "description": "The x position to use for the source rect.",
                    "type": "Number"
                },
                {
                    "name": "y",
                    "description": "The y position to use for the source rect.",
                    "type": "Number"
                },
                {
                    "name": "width",
                    "description": "The width to use for the source rect.",
                    "type": "Number"
                },
                {
                    "name": "height",
                    "description": "The height to use for the source rect.",
                    "type": "Number"
                },
                {
                    "name": "targetCtx",
                    "description": "The 2D context to draw the result to. Defaults to the context passed to ctx.",
                    "type": "CanvasRenderingContext2D",
                    "optional": true
                },
                {
                    "name": "targetX",
                    "description": "The x position to draw the result to. Defaults to the value passed to x.",
                    "type": "Number",
                    "optional": true
                },
                {
                    "name": "targetY",
                    "description": "The y position to draw the result to. Defaults to the value passed to y.",
                    "type": "Number",
                    "optional": true
                }
            ],
            "return": {
                "description": "If the filter was applied successfully.",
                "type": "Boolean"
            },
            "class": "createjs.GlowFilter",
            "namespace": "createjs"
        },
        {
            "file": "src/GlowFilter.js",
            "line": 261,
            "description": "Returns a clone of this GlowFilter instance.",
            "itemtype": "method",
            "name": "clone",
            "return": {
                "description": "A clone of this GlowFilter instance.",
                "type": "GlowFilter"
            },
            "class": "createjs.GlowFilter",
            "namespace": "createjs"
        },
        {
            "file": "src/GlowFilter.js",
            "line": 271,
            "description": "Returns a string representation of this filter.",
            "itemtype": "method",
            "name": "toString",
            "return": {
                "description": "A string representation of this filter.",
                "type": "String"
            },
            "class": "createjs.GlowFilter",
            "namespace": "createjs"
        }
    ],
    "warnings": [
        {
            "message": "Missing item type",
            "line": " src/DropShadowFilter.js:8"
        },
        {
            "message": "Missing item type",
            "line": " src/GlowFilter.js:8"
        }
    ]
}